i,nomer otkazavshih elementov i-ogo typa,veraiatnosth,lambda (i -> i+1),mu (i+1 -> i)
1,0,0.9705896769,0.03,1
1,1,0.02911769031,0.02,2
1,2,0.0002911769031,0.01,2
1,3,1.455884515e-06,0,0
2,0,0.7066664323,0.25,0.699795157
2,1,0.2524547452,0.2,1.379207931
2,2,0.03660865625,0.15,1.379207931
2,3,0.003981486993,0.1,1.379207931
2,4,0.0002886792415,0,0
3,0,0.8321695016,0.27,1.438681766
3,1,0.1561747502,0.18,2.498681415
3,2,0.01125051592,0.09,2.498681415
3,3,0.0004052323064,0,0
