i,nomer otkazavshih elementov i-ogo typa,veraiatnosth,lambda (i -> i+1),mu (i+1 -> i)
1,0,0.9705896769,0.03,1
1,1,0.02911769031,0.02,2
1,2,0.0002911769031,0.01,2
1,3,1.455884515e-06,0,0
2,0,0.7071965013,0.25,0.7
2,1,0.252570179,0.2,1.4
2,2,0.03608145415,0.15,1.4
2,3,0.003865870087,0.1,1.4
2,4,0.0002761335776,0.05,1.4
2,5,9.861913487e-06,0,0
3,0,0.8395431542,0.27,1.5
3,1,0.1511177678,0.18,3
3,2,0.009067066065,0.09,3
3,3,0.000272011982,0,0
