i,nomer otkazavshih elementov i-ogo typa,veraiatnosth,lambda (i -> i+1),mu (i+1 -> i)
1,0,0.8625023358,0.15,1
1,1,0.1293753504,0.12,2
1,2,0.007762521022,0.09,2
1,3,0.000349313446,0.06,2
1,4,1.047940338e-05,0,0
2,0,0.5811025559,0.49,0.8926899175
2,1,0.3189688231,0.42,1.66894202
2,2,0.08027055711,0.35,1.66894202
2,3,0.01683383524,0.28,1.66894202
2,4,0.00282422865,0,0
3,0,0.8141806236,0.28,1.350107068
3,1,0.1688537005,0.21,2.221760902
3,2,0.0159599879,0.14,2.221760902
3,3,0.001005688012,0,0
